"SKUコード","商品名","購入件数","数量","単価","金額"
"cr25aw15173-09-99","マルチウェイソフトレザーバッグ","2052","2052","18000","36936000"
"cr24aw15132-09-99","ナイロンレザーショルダーバッグ","1247","1247","15000","18705000"
"cr25aw14134-90-99","ウェイビーアジャスタブルネックレス","2301","2301","8000","18408000"
"cr24aw01042-75-02","アジャスタブルウールロングコート","983","983","18000","17694000"
"cr24aw07707-90-99","マルチウェイドロップネックレス","3429","3432","5000","17160000"
"cr25aw01138-09-03","リバーロングステンカラーコート","917","917","18000","16506000"
"cr24aw05040-10-02","ダブルブレストダウンジャケット","785","785","21000","16485000"
"cr24aw01042-75-03","アジャスタブルウールロングコート","905","905","18000","16290000"
"cr25aw01138-09-02","リバーロングステンカラーコート","883","883","18000","15894000"
"cr24aw05040-10-01","ダブルブレストダウンジャケット","724","724","21000","15204000"
"cr24aw05040-10-03","ダブルブレストダウンジャケット","664","664","21000","13944000"
"cr25aw01138-09-01","リバーロングステンカラーコート","772","772","18000","13896000"
"cr24aw01042-75-01","アジャスタブルウールロングコート","610","610","18000","10980000"
"cr25aw15173-03-99","マルチウェイソフトレザーバッグ","598","598","18000","10764000"
"cr24aw07707-91-99","マルチウェイドロップネックレス","2033","2035","5000","10175000"
"cr23aw05003-04-01","スタンドカラーダウンジャケット","481","481","21000","10101000"
"cr24aw01042-39-02","アジャスタブルウールロングコート","558","558","18000","10044000"
"cr25ss14131-90-99","2wayウォーターパールネックレス","879","879","11000","9669000"
"cr24aw07516-09-01","ボタンスタッズレザーベルト","1030","1030","9000","9270000"
"cr24aw01042-39-03","アジャスタブルウールロングコート","497","497","18000","8946000"
"cr24aw07607-90-99","ツイストカーブチェーンネックレス","801","801","10000","8010000"
"cr25ss14131-91-99","2wayウォーターパールネックレス","724","724","11000","7964000"
"cr23aw01001-09-02","カスタムメルトンマキシコート","431","431","18000","7758000"
"cr25aw09150-10-99","2wayウールカシミアニットビスチェ","1463","1463","5300","7753900"
"cr25aw07409-10-99","モイストタッチボリュームストール","1248","1250","6000","7500000"
"cr25ss03108-09-02","レイヤードシアージャケット","680","680","11000","7480000"
"cr23aw05003-04-02","スタンドカラーダウンジャケット","356","356","21000","7476000"
"cr24aw15075-09-99","マルチウェイソフトレザーバッグ","400","400","18000","7200000"
"cr25aw01140-10-03","リバーフーデッドミドルコート","264","264","27000","7128000"
"cr25aw01140-10-02","リバーフーデッドミドルコート","258","258","27000","6966000"
"cr24aw07516-09-02","ボタンスタッズレザーベルト","765","765","9000","6885000"
"cr23aw01001-09-01","カスタムメルトンマキシコート","382","382","18000","6876000"
"cr23aw14018-90-00","ツイストチェーンネックレス","1736","1743","3900","6797700"
"cr23aw14018-91-00","ツイストチェーンネックレス","1736","1743","3900","6797700"
"cr24ss18030-09-03","ナイロンマルチウェイセットアップ","616","616","11000","6776000"
"cr23aw01001-09-03","カスタムメルトンマキシコート","371","373","18000","6714000"
"cr25aw01141-09-03","2wayノーカラーパファーコート","313","313","21000","6573000"
"cr24aw01042-39-01","アジャスタブルウールロングコート","359","359","18000","6462000"
"cr25ss01085-05-02","ドレープステンカラーコート","396","396","16000","6336000"
"cr25ss01085-05-03","ドレープステンカラーコート","392","392","16000","6272000"
"cr25aw01140-10-01","リバーフーデッドミドルコート","230","230","27000","6210000"
"cr25aw15173-39-99","マルチウェイソフトレザーバッグ","341","341","18000","6138000"
"cr24aw05611-10-02","アシンメトリーツータックパンツ","761","761","8000","6088000"
"cr24aw05611-10-03","アシンメトリーツータックパンツ","747","747","8000","5976000"
"cr24aw15132-78-99","ナイロンレザーショルダーバッグ","398","398","15000","5970000"
"cr25aw01141-09-01","2wayノーカラーパファーコート","280","280","21000","5880000"
"cr24aw03057-80-02","ダブルテーラードジャケット","518","519","11000","5709000"
"cr25aw01141-09-02","2wayノーカラーパファーコート","268","268","21000","5628000"
"cr25ss03108-09-03","レイヤードシアージャケット","509","509","11000","5599000"
"cr24ss11029-09-02","サイドタックスラブワイドパンツ","695","695","8000","5560000"
"cr24aw07516-36-01","ボタンスタッズレザーベルト","606","607","9000","5463000"
"cr24ss18030-09-02","ナイロンマルチウェイセットアップ","491","491","11000","5401000"
"cr24aw03057-69-02","ダブルテーラードジャケット","490","490","11000","5390000"
"cr25aw01138-58-01","リバーロングステンカラーコート","295","295","18000","5310000"
"cr24aw03057-69-03","ダブルテーラードジャケット","481","482","11000","5302000"
"cr25aw01138-58-02","リバーロングステンカラーコート","294","294","18000","5292000"
"cr25aw01138-58-03","リバーロングステンカラーコート","294","294","18000","5292000"
"cr24aw05040-09-02","ダブルブレストダウンジャケット","246","246","21000","5166000"
"cr25aw11149-63-02","アジャスタブルIラインデニムパンツ","632","632","8000","5056000"
"cr24ss10026-73-03","ソフトカーヴィデニムスラックス","627","627","8000","5016000"
"cr24aw03057-80-03","ダブルテーラードジャケット","453","453","11000","4983000"
"cr25ss10080-63-03","ソフトカーヴィーデニムパンツ","622","622","8000","4976000"
"cr24aw03057-76-03","ダブルテーラードジャケット","449","449","11000","4939000"
"cr24aw04054-09-03","フェイクレザージップブルゾン","490","490","10000","4900000"
"cr25aw11149-63-03","アジャスタブルIラインデニムパンツ","604","604","8000","4832000"
"cr24aw03057-76-02","ダブルテーラードジャケット","437","437","11000","4807000"
"cr24aw07516-36-02","ボタンスタッズレザーベルト","532","533","9000","4797000"
"cr25aw07409-66-99","モイストタッチボリュームストール","794","794","6000","4764000"
"cr24aw04054-09-02","フェイクレザージップブルゾン","473","473","10000","4730000"
"cr25aw09165-09-03","2wayハイネックスリムカーディガン","723","723","6500","4699500"
"cr25ss19089-09-03","バックタックナロースカート","667","667","7000","4669000"
"cr25aw19161-09-03","3wayスリットIラインスカート","517","517","9000","4653000"
"cr25ss03108-09-01","レイヤードシアージャケット","422","422","11000","4642000"
"cr24ss11029-09-03","サイドタックスラブワイドパンツ","574","574","8000","4592000"
"cr24ss19020-36-02","バックタックナロースカート","650","650","7000","4550000"
"cr25aw07409-00-99","モイストタッチボリュームストール","753","755","6000","4530000"
"cr25aw18164-10-03","フロントフライニットワンピース","451","451","10000","4510000"
"cr25ss11130-09-03","ウォーターリペレントスラックス","637","638","7000","4466000"
"cr25ss19089-09-02","バックタックナロースカート","631","631","7000","4417000"
"cr24aw07707-90-99","マルチウェイドロップネックレス 受注期間 - 3/30 23:59","877","880","5000","4400000"
"cr24aw06125-85-03","セミドルマンドロストデザインシャツ","694","694","6300","4372200"
"cr24aw04101-69-02","マイルドシャギーウールPコート","181","181","24000","4344000"
"cr23aw05003-09-01","スタンドカラーダウンジャケット","204","204","21000","4284000"
"cr24aw03057-80-01","ダブルテーラードジャケット","387","387","11000","4257000"
"cr24ss10026-73-02","ソフトカーヴィデニムスラックス","530","530","8000","4240000"
"cr25aw09162-38-02","カシミアブレンドメリノウールニット","604","604","7000","4228000"
"cr24ss19020-36-03","バックタックナロースカート","603","603","7000","4221000"
"cr24aw07409-10-99","モイストタッチボリュームストール","699","699","6000","4194000"
"cr24ss03033-69-02","ダブルブレストツイルジャケット","380","380","11000","4180000"
"cr25aw01140-02-02","リバーフーデッドミドルコート","154","154","27000","4158000"
"cr24ss09036-09-99","マルチウェイジップニットビスチェ","920","920","4500","4140000"
"cr23aw01002-36-01","ビッグカラーミディコート","171","171","24000","4104000"
"cr25ss19152-09-03","ストレッチベロアストレートスカート","682","684","6000","4104000"
"cr24aw05040-09-03","ダブルブレストダウンジャケット","191","191","21000","4011000"
"cr25ss01085-05-01","ドレープステンカラーコート","250","250","16000","4000000"
"cr25aw07157-00-02","バックドロストハイネックトップス","646","646","6000","3876000"
"cr25aw19161-09-02","3wayスリットIラインスカート","415","415","9000","3735000"
"cr25aw07142-09-03","シアーベロアクルーネックT","745","745","5000","3725000"
"cr25aw14171-90-99","グロッシーペブルピアス / イヤリング","589","589","6300","3710700"
"cr25ss07087-10-03","フロントフライバックオープンジレ","434","434","8500","3689000"
"cr25ss10080-63-02","ソフトカーヴィーデニムパンツ","461","461","8000","3688000"
"cr24aw06125-85-02","セミドルマンドロストデザインシャツ","582","582","6300","3666600"
"cr25aw09162-38-03","カシミアブレンドメリノウールニット","522","522","7000","3654000"
"cr25aw01140-02-03","リバーフーデッドミドルコート","135","135","27000","3645000"
"cr24ss18030-09-01","ナイロンマルチウェイセットアップ","330","330","11000","3630000"
"cr25ss11130-09-02","ウォーターリペレントスラックス","518","518","7000","3626000"
"cr25aw09165-00-03","2wayハイネックスリムカーディガン","554","554","6500","3601000"
"cr25aw18164-10-02","フロントフライニットワンピース","360","360","10000","3600000"
"cr24aw06708-03-03","カーヴィシームリブプルオーバー","513","513","7000","3591000"
"cr24aw03061-37-03","ツイーディヘリンボンジャケット","356","356","10000","3560000"
"cr24aw09060-10-88","ケープレイヤードVネックベスト","445","445","8000","3560000"
"cr25ss08101-00-02","シルクブレンドボートネックロンT","649","649","5400","3504600"
"cr24ss19020-09-02","バックタックナロースカート","496","496","7000","3472000"
"cr24aw03061-37-02","ツイーディヘリンボンジャケット","346","346","10000","3460000"
"cr25aw07157-09-03","バックドロストハイネックトップス","575","576","6000","3456000"
"cr25aw07157-00-03","バックドロストハイネックトップス","574","575","6000","3450000"
"cr25ss19152-09-02","ストレッチベロアストレートスカート","572","572","6000","3432000"
"cr24aw05506-65-02","バックステッチレギュラーシャツ","568","568","6000","3408000"
"cr24ss11029-09-01","サイドタックスラブワイドパンツ","422","422","8000","3376000"
"cr24ss11029-03-02","サイドタックスラブワイドパンツ","420","420","8000","3360000"
"cr25aw07409-49-99","モイストタッチボリュームストール","560","560","6000","3360000"
"cr25aw09165-09-02","2wayハイネックスリムカーディガン","516","516","6500","3354000"
"cr25aw11169-09-02","ギャバフリースウォームスラックス","478","478","7000","3346000"
"cr25aw07157-09-02","バックドロストハイネックトップス","555","555","6000","3330000"
"cr24ss03033-69-03","ダブルブレストツイルジャケット","302","302","11000","3322000"
"cr25ss07087-10-02","フロントフライバックオープンジレ","390","390","8500","3315000"
"cr24ss19020-09-03","バックタックナロースカート","470","470","7000","3290000"
"cr24aw06708-03-02","カーヴィシームリブプルオーバー","470","470","7000","3290000"
"cr24aw05040-09-01","ダブルブレストダウンジャケット","155","155","21000","3255000"
"cr25ss18118-09-03","ボックスタックキャミワンピース","323","323","10000","3230000"
"cr25ss01085-31-02","ドレープステンカラーコート","200","200","16000","3200000"
"cr25ss06128-09-03","イージーラップマキシワンピース","375","375","8500","3187500"
"cr25aw11155-37-02","フリーウエストベルテッドパンツ","398","398","8000","3184000"
"cr25aw14166-09-99","ストラップフィットコットンビーニー","882","882","3600","3175200"
"cr25aw11155-75-02","フリーウエストベルテッドパンツ","396","396","8000","3168000"
"cr24ss03021-72-02","ハーフスリーブボクシージャケット","351","351","9000","3159000"
"cr25aw09165-00-02","2wayハイネックスリムカーディガン","485","485","6500","3152500"
"cr24aw03057-69-01","ダブルテーラードジャケット","285","285","11000","3135000"
"cr25aw19161-09-01","3wayスリットIラインスカート","348","348","9000","3132000"
"cr23aw05003-09-02","スタンドカラーダウンジャケット","149","149","21000","3129000"
"cr24aw05611-39-02","アシンメトリーツータックパンツ","388","388","8000","3104000"
"cr24ss18034-10-02","ディープネックセットワンピース","244","244","12700","3098800"
"cr25ss07116-09-03","マルチウェイレイヤードタンクトップ","571","571","5400","3083400"
"cr25ss01085-31-03","ドレープステンカラーコート","192","192","16000","3072000"
"cr25aw11169-09-03","ギャバフリースウォームスラックス","437","437","7000","3059000"
"cr24aw07707-91-99","マルチウェイドロップネックレス 受注期間 - 3/30 23:59","607","608","5000","3040000"
"cr25aw01140-02-01","リバーフーデッドミドルコート","111","111","27000","2997000"
"cr24ss19020-36-01","バックタックナロースカート","427","427","7000","2989000"
"cr25aw11155-75-03","フリーウエストベルテッドパンツ","368","368","8000","2944000"
"cr24aw05506-65-03","バックステッチレギュラーシャツ","490","490","6000","2940000"
"cr25ss11119-83-02","ピンタックスラブストレートパンツ","352","352","8300","2921600"
"cr24aw05611-10-01","アシンメトリーツータックパンツ","364","364","8000","2912000"
"cr24aw04101-69-03","マイルドシャギーウールPコート","121","121","24000","2904000"
"cr25ss03108-32-02","レイヤードシアージャケット","261","261","11000","2871000"
"cr25aw09163-21-02","ウールリヨセルハイネックニット","410","410","7000","2870000"
"cr25ss06081-00-02","フルダルスパンフードシャツ","357","357","8000","2856000"
"cr25aw11149-81-03","アジャスタブルIラインデニムパンツ","354","354","8000","2832000"
"cr24aw06518-36-03","ジョーゼットシェイプワンピース","314","314","9000","2826000"
"cr24aw03057-76-01","ダブルテーラードジャケット","255","255","11000","2805000"
"cr25aw11149-81-02","アジャスタブルIラインデニムパンツ","349","349","8000","2792000"
"cr25aw11155-37-03","フリーウエストベルテッドパンツ","349","349","8000","2792000"
"cr25aw11149-63-01","アジャスタブルIラインデニムパンツ","346","346","8000","2768000"
"cr25aw06154-22-02","ストライプパネルシームシャツ","394","394","7000","2758000"
"cr24ss03021-72-03","ハーフスリーブボクシージャケット","306","306","9000","2754000"
"cr25aw07142-09-02","シアーベロアクルーネックT","550","550","5000","2750000"
"cr25aw09162-10-03","カシミアブレンドメリノウールニット","388","388","7000","2716000"
"cr25aw09162-10-02","カシミアブレンドメリノウールニット","385","385","7000","2695000"
"cr25ss11119-83-03","ピンタックスラブストレートパンツ","324","324","8300","2689200"
"cr24ss10026-73-01","ソフトカーヴィデニムスラックス","334","334","8000","2672000"
"cr25aw09163-21-03","ウールリヨセルハイネックニット","381","381","7000","2667000"
"cr25ss07129-61-03","ドライコンフォートカラーTシャツ","664","666","4000","2664000"
"cr24ss11029-03-03","サイドタックスラブワイドパンツ","332","332","8000","2656000"
"cr24aw07516-09-02","ボタンスタッズレザーベルト 受注期間 - 3/30 23:59","295","295","9000","2655000"
"cr25ss08101-00-03","シルクブレンドボートネックロンT","491","491","5400","2651400"
"cr25ss03115-06-03","ショールハーフスリーブジャケット","265","265","10000","2650000"
"cr23aw06019-01-01","ボタンスリーブギャザーシャツ","372","374","7000","2618000"
"cr25aw18164-10-01","フロントフライニットワンピース","261","261","10000","2610000"
"cr23aw18008-08-02","フロントフライニットワンピース","260","260","10000","2600000"
"cr24aw04701-09-02","2wayウールリバーショートコート","118","118","22000","2596000"
"cr24aw04101-69-01","マイルドシャギーウールPコート","108","108","24000","2592000"
"cr25aw18164-39-03","フロントフライニットワンピース","258","258","10000","2580000"
"cr25aw19148-19-03","テンセルコットンピケIラインスカート","322","322","8000","2576000"
"cr25aw03159-71-02","ソフトツイードオーバージャケット","161","161","16000","2576000"
"cr25ss07116-09-02","マルチウェイレイヤードタンクトップ","475","475","5400","2565000"
"cr24aw05611-39-03","アシンメトリーツータックパンツ","319","319","8000","2552000"
"cr24aw09071-78-02","メランジハイネックルーズニット","390","390","6500","2535000"
"cr24aw09071-78-03","メランジハイネックルーズニット","390","390","6500","2535000"
"cr25ss19089-09-01","バックタックナロースカート","359","359","7000","2513000"
"cr25ss11113-09-03","ウォッシャブルサテンスラックス","314","314","8000","2512000"
"cr24aw19073-09-03","ウールライクラップロングスカート","312","312","8000","2496000"
"cr24aw19073-09-02","ウールライクラップロングスカート","311","311","8000","2488000"
"cr25aw19148-19-02","テンセルコットンピケIラインスカート","310","310","8000","2480000"
"cr24aw19073-36-02","ウールライクラップロングスカート","309","309","8000","2472000"
"cr24aw04701-09-03","2wayウールリバーショートコート","112","112","22000","2464000"
"cr25aw01141-39-02","2wayノーカラーパファーコート","117","117","21000","2457000"
"cr23aw18008-08-01","フロントフライニットワンピース","245","245","10000","2450000"
"cr25ss06123-09-06","シアーニットストレートワンピース","272","272","9000","2448000"
"cr25ss11130-09-01","ウォーターリペレントスラックス","349","349","7000","2443000"
"cr25ss06081-00-03","フルダルスパンフードシャツ","305","305","8000","2440000"
"cr25aw07142-76-03","シアーベロアクルーネックT","487","487","5000","2435000"
"cr24aw04101-56-02","マイルドシャギーウールPコート","101","101","24000","2424000"
"cr23aw06019-01-02","ボタンスリーブギャザーシャツ","346","346","7000","2422000"
"cr24ss03033-69-01","ダブルブレストツイルジャケット","220","220","11000","2420000"
"cr25ss07129-61-02","ドライコンフォートカラーTシャツ","604","604","4000","2416000"
"cr24aw04054-09-01","フェイクレザージップブルゾン","241","241","10000","2410000"
"cr24aw09050-39-03","ミックスヤーンクルーネックニット","209","209","11500","2403500"
"cr25ss07087-03-02","フロントフライバックオープンジレ","280","280","8500","2380000"
"cr25aw01141-39-03","2wayノーカラーパファーコート","113","113","21000","2373000"
"cr24aw19073-36-03","ウールライクラップロングスカート","295","295","8000","2360000"
"cr25ss10080-63-01","ソフトカーヴィーデニムパンツ","294","294","8000","2352000"
"cr25aw18164-39-02","フロントフライニットワンピース","235","235","10000","2350000"
"cr25ss01082-39-02","ピーチスキンモッズコート","130","130","18000","2340000"
"cr25aw07409-46-99","モイストタッチボリュームストール","388","388","6000","2328000"
"cr25aw06154-22-03","ストライプパネルシームシャツ","332","332","7000","2324000"
"cr24aw09063-03-03","シャギークルーネックルーズニット","356","356","6500","2314000"
"cr24aw06518-36-02","ジョーゼットシェイプワンピース","256","256","9000","2304000"
"cr25aw19416-05-88","ボタンスタッズスウェードベルト","256","256","9000","2304000"
"cr25aw03159-39-03","ソフトツイードオーバージャケット","144","144","16000","2304000"
"cr24ss18030-03-03","ナイロンマルチウェイセットアップ","207","207","11000","2277000"
"cr25aw07157-00-01","バックドロストハイネックトップス","379","379","6000","2274000"
"cr24aw06053-00-02","ビッグポケットハイネックブラウス","284","284","8000","2272000"
"cr25ss07087-03-03","フロントフライバックオープンジレ","266","266","8500","2261000"
"cr25aw19161-39-03","3wayスリットIラインスカート","251","251","9000","2259000"
"cr25aw06151-15-03","サテンドレープシャツワンピース","205","205","11000","2255000"
"cr25aw04153-36-02","ヴィンテージギャバルーズブルゾン","250","250","9000","2250000"
"cr25ss19107-09-02","ラップレイヤードIラインスカート","224","224","10000","2240000"
"cr25ss19107-09-03","ラップレイヤードIラインスカート 受注期間 - 3/30 23:59","224","224","10000","2240000"
"cr25ss11130-57-03","ウォーターリペレントスラックス","320","320","7000","2240000"
"cr25ss03115-06-02","ショールハーフスリーブジャケット","223","223","10000","2230000"
"cr24aw01042-48-03","アジャスタブルウールロングコート","123","123","18000","2214000"
"cr24aw01042-48-02","アジャスタブルウールロングコート","123","123","18000","2214000"
"cr24ss19020-09-01","バックタックナロースカート","316","316","7000","2212000"
"cr25ss19089-06-03","バックタックナロースカート","316","316","7000","2212000"
"cr24ss18030-03-02","ナイロンマルチウェイセットアップ","201","201","11000","2211000"
"cr25ss19152-09-01","ストレッチベロアストレートスカート 受注期間 - 5/25 23:59","366","367","6000","2202000"
"cr25ss07129-47-03","ドライコンフォートカラーTシャツ","545","545","4000","2180000"
"cr24aw05506-88-02","バックステッチレギュラーシャツ","362","362","6000","2172000"
"cr23aw01002-36-02","ビッグカラーミディコート","90","90","24000","2160000"
"cr25aw11169-06-02","ギャバフリースウォームスラックス","308","308","7000","2156000"
"cr25aw19160-76-02","フェイクスウェードIラインスカート","268","268","8000","2144000"
"cr25aw08146-00-02","2wayラフインレーボートネックロンT","396","396","5400","2138400"
"cr25ss06128-09-02","イージーラップマキシワンピース","250","250","8500","2125000"
"cr25ss18118-09-02","ボックスタックキャミワンピース","212","212","10000","2120000"
"cr25ss19089-06-02","バックタックナロースカート","302","302","7000","2114000"
"cr24aw05506-29-02","バックステッチレギュラーシャツ","352","352","6000","2112000"
"cr24ss07023-06-02","2wayハニカムサーマルカットソー","469","469","4500","2110500"
"cr25aw04153-36-03","ヴィンテージギャバルーズブルゾン","234","234","9000","2106000"
"cr25aw11155-37-01","フリーウエストベルテッドパンツ","263","263","8000","2104000"
"cr25aw11169-06-03","ギャバフリースウォームスラックス","299","299","7000","2093000"
"cr24aw19059-75-03","キュプラブレンドナロースカート","261","261","8000","2088000"
"cr24aw05809-89-03","シルクブレンドハイネックトップス","386","386","5400","2084400"
"cr25ss19152-09-02","ストレッチベロアストレートスカート 受注期間 - 5/25 23:59","346","347","6000","2082000"
"cr25ss01085-31-01","ドレープステンカラーコート","130","130","16000","2080000"
"cr25ss11113-09-02","ウォッシャブルサテンスラックス","260","260","8000","2080000"
"cr25aw01141-39-01","2wayノーカラーパファーコート","99","99","21000","2079000"
"cr24aw06053-00-03","ビッグポケットハイネックブラウス","259","259","8000","2072000"
"cr25aw11169-09-01","ギャバフリースウォームスラックス","296","296","7000","2072000"
"cr25aw06151-15-02","サテンドレープシャツワンピース","188","188","11000","2068000"
"cr24aw06418-09-03","ボックスタックキャミワンピース","206","206","10000","2060000"
"cr25ss19107-09-03","ラップレイヤードIラインスカート","206","206","10000","2060000"
"cr25ss11119-09-03","ピンタックスラブストレートパンツ","248","248","8300","2058400"
"cr24ss18034-10-03","ディープネックセットワンピース","162","162","12700","2057400"
"cr25aw19160-76-03","フェイクスウェードIラインスカート","257","257","8000","2056000"
"cr24aw06125-27-03","セミドルマンドロストデザインシャツ","324","324","6300","2041200"
"cr25ss03127-09-02","ポケッタブルストレッチジャケット","226","226","9000","2034000"
"cr25ss07112-00-03","フォトグラフィープリントTシャツ","450","450","4500","2025000"
"cr25ss19152-09-01","ストレッチベロアストレートスカート","337","337","6000","2022000"
"cr25aw03159-39-02","ソフトツイードオーバージャケット","126","126","16000","2016000"
"cr25ss03108-32-03","レイヤードシアージャケット","183","183","11000","2013000"
"cr24aw07607-91-99","ツイストカーブチェーンネックレス","201","201","10000","2010000"
"cr24aw05809-89-02","シルクブレンドハイネックトップス","371","371","5400","2003400"
"cr24aw19052-09-03","フェイクレザードレープスカート","286","286","7000","2002000"
"cr25ss03108-32-01","レイヤードシアージャケット","182","182","11000","2002000"
"cr24ss01022-05-02","ドレープステンカラーコート","125","125","16000","2000000"
"cr24aw03061-37-01","ツイーディヘリンボンジャケット","200","200","10000","2000000"
"cr24ss03021-36-02","ハーフスリーブボクシージャケット","222","222","9000","1998000"
"cr25ss06123-09-05","シアーニットストレートワンピース","222","222","9000","1998000"
"cr24aw06125-27-02","セミドルマンドロストデザインシャツ","317","317","6300","1997100"
"cr25ss06081-00-01","フルダルスパンフードシャツ 受注期間 - 3/30 23:59","248","248","8000","1984000"
"cr23aw01001-33-02","カスタムメルトンマキシコート","110","110","18000","1980000"
"cr25ss19152-09-03","ストレッチベロアストレートスカート 受注期間 - 5/25 23:59","329","330","6000","1980000"
"cr25ss03127-09-03","ポケッタブルストレッチジャケット","220","220","9000","1980000"
"cr24aw05506-65-01","バックステッチレギュラーシャツ","327","327","6000","1962000"
"cr24aw06125-85-01","セミドルマンドロストデザインシャツ","310","310","6300","1953000"
"cr25aw11155-75-01","フリーウエストベルテッドパンツ","244","244","8000","1952000"
"cr25ss07087-10-01","フロントフライバックオープンジレ","227","227","8500","1929500"
"cr25aw19161-39-02","3wayスリットIラインスカート","214","214","9000","1926000"
"cr25aw08146-00-03","2wayラフインレーボートネックロンT","356","356","5400","1922400"
"cr24ss11029-03-01","サイドタックスラブワイドパンツ","240","240","8000","1920000"
"cr25aw01145-26-03","コーデュロイシートダウンコート","71","71","27000","1917000"
"cr24aw23051-09-03","マットサテンカーゴパンツ","212","212","9000","1908000"
"cr24aw01042-48-01","アジャスタブルウールロングコート","106","106","18000","1908000"
"cr24aw05809-00-02","シルクブレンドハイネックトップス","353","353","5400","1906200"
"cr25ss10080-81-03","ソフトカーヴィーデニムパンツ","238","238","8000","1904000"
"cr25aw09167-69-02","ロービングスラブルーズニット","237","237","8000","1896000"
"cr24aw19059-75-02","キュプラブレンドナロースカート","234","234","8000","1872000"
"cr25ss10080-81-02","ソフトカーヴィーデニムパンツ","234","234","8000","1872000"
"cr25aw09167-69-03","ロービングスラブルーズニット","234","234","8000","1872000"
"cr25ss06081-00-03","フルダルスパンフードシャツ 受注期間 - 3/30 23:59","233","233","8000","1864000"
"cr25ss11119-83-01","ピンタックスラブストレートパンツ","224","224","8300","1859200"
"cr24ss03033-34-02","ダブルブレストツイルジャケット","169","169","11000","1859000"
"cr25aw09163-06-02","ウールリヨセルハイネックニット","264","264","7000","1848000"
"cr25aw07142-76-02","シアーベロアクルーネックT","369","369","5000","1845000"
"cr25aw08146-00-01","2wayラフインレーボートネックロンT","341","341","5400","1841400"
"cr25aw06154-22-01","ストライプパネルシームシャツ","263","263","7000","1841000"
"cr24aw05611-39-01","アシンメトリーツータックパンツ","230","230","8000","1840000"
"cr25aw07157-09-01","バックドロストハイネックトップス","306","306","6000","1836000"
"cr25aw14170-90-99","グロッシーペブルピアス / イヤリング","291","291","6300","1833300"
"cr25aw11149-81-01","アジャスタブルIラインデニムパンツ","229","229","8000","1832000"
"cr25aw04153-36-01","ヴィンテージギャバルーズブルゾン","203","203","9000","1827000"
"cr24aw05506-29-03","バックステッチレギュラーシャツ","303","303","6000","1818000"
"cr24aw15075-03-99","マルチウェイソフトレザーバッグ","101","101","18000","1818000"
"cr25aw11149-63-66","アジャスタブルIラインデニムパンツ","227","227","8000","1816000"
"cr25ss11130-57-02","ウォーターリペレントスラックス","259","259","7000","1813000"
"cr25ss06081-00-01","フルダルスパンフードシャツ","223","223","8000","1784000"
"cr24aw07409-00-99","モイストタッチボリュームストール","297","297","6000","1782000"
"cr24ss07023-06-03","2wayハニカムサーマルカットソー","395","395","4500","1777500"
"cr24aw05809-00-03","シルクブレンドハイネックトップス","325","325","5400","1755000"
"cr25aw06144-19-02","テンセルコットンピケミニマルシャツ","250","250","7000","1750000"
"cr25ss08101-00-01","シルクブレンドボートネックロンT","324","324","5400","1749600"
"cr25ss07112-00-02","フォトグラフィープリントTシャツ","388","388","4500","1746000"
"cr25ss19106-09-03","ナイロンドレープマキシスカート","218","218","8000","1744000"
"cr25aw03159-39-01","ソフトツイードオーバージャケット","109","109","16000","1744000"
"cr25aw09163-06-03","ウールリヨセルハイネックニット","249","249","7000","1743000"
"cr25aw08146-09-02","2wayラフインレーボートネックロンT","322","322","5400","1738800"
"cr24aw06708-10-03","カーヴィシームリブプルオーバー","247","247","7000","1729000"
"cr25ss01082-39-03","ピーチスキンモッズコート","96","96","18000","1728000"
"cr25ss06081-00-02","フルダルスパンフードシャツ 受注期間 - 3/30 23:59","215","216","8000","1728000"
"cr25aw03159-71-03","ソフトツイードオーバージャケット","108","108","16000","1728000"
"cr25aw06151-15-01","サテンドレープシャツワンピース","157","157","11000","1727000"
"cr24aw06609-09-02","コットンミックスカノコニット","246","246","7000","1722000"
"cr25ss08101-69-02","シルクブレンドボートネックロンT","318","318","5400","1717200"
"cr24ss10026-74-03","ソフトカーヴィデニムスラックス","214","214","8000","1712000"
"cr24aw06609-39-02","コットンミックスカノコニット","243","244","7000","1708000"
"cr24aw06708-03-01","カーヴィシームリブプルオーバー","244","244","7000","1708000"
"cr25ss19089-32-03","バックタックナロースカート","244","244","7000","1708000"
"cr25ss06081-32-02","フルダルスパンフードシャツ","213","213","8000","1704000"
"cr25aw03159-71-01","ソフトツイードオーバージャケット","106","106","16000","1696000"
"cr23aw01001-33-03","カスタムメルトンマキシコート","94","94","18000","1692000"
"cr25aw19161-39-01","3wayスリットIラインスカート","188","188","9000","1692000"
"cr25aw19160-03-02","フェイクスウェードIラインスカート","211","211","8000","1688000"
"cr25ss11119-09-02","ピンタックスラブストレートパンツ","203","203","8300","1684900"
"cr24aw07516-09-01","ボタンスタッズレザーベルト 受注期間 - 3/30 23:59","187","187","9000","1683000"
"cr24ss03021-36-03","ハーフスリーブボクシージャケット","186","186","9000","1674000"
"cr25aw01145-26-01","コーデュロイシートダウンコート","62","62","27000","1674000"
"cr25ss07111-28-02","2wayハニカムサーマルカットソー","371","371","4500","1669500"
"cr25ss08101-69-03","シルクブレンドボートネックロンT","309","309","5400","1668600"
"cr25ss11119-84-02","ピンタックスラブストレートパンツ","201","201","8300","1668300"
"cr25ss19089-32-02","バックタックナロースカート","238","238","7000","1666000"
"cr25ss07087-03-01","フロントフライバックオープンジレ","196","196","8500","1666000"
"cr25ss06128-09-01","イージーラップマキシワンピース","196","196","8500","1666000"
"cr24ss11029-72-02","サイドタックスラブワイドパンツ","208","208","8000","1664000"
"cr25ss06081-60-03","フルダルスパンフードシャツ 受注期間 - 3/30 23:59","208","208","8000","1664000"
"cr25ss07116-09-01","マルチウェイレイヤードタンクトップ","307","307","5400","1657800"
"cr23aw01001-33-01","カスタムメルトンマキシコート","92","92","18000","1656000"
"cr24aw23051-09-02","マットサテンカーゴパンツ","183","183","9000","1647000"
"cr24ss03021-72-01","ハーフスリーブボクシージャケット","181","181","9000","1629000"
"cr25ss03127-09-01","ポケッタブルストレッチジャケット","181","181","9000","1629000"
"cr24aw07210-09-03","ソフトツイストデニムワイドパンツ","203","203","8000","1624000"
"cr24aw06609-77-02","コットンミックスカノコニット","231","231","7000","1617000"
"cr24ss01022-05-03","ドレープステンカラーコート","101","101","16000","1616000"
"cr25ss07116-06-03","マルチウェイレイヤードタンクトップ","299","299","5400","1614600"
"cr25ss18118-09-01","ボックスタックキャミワンピース","161","161","10000","1610000"
"cr25aw09156-03-77","モヘヤミックスシアールーズニット","229","229","7000","1603000"
"cr24aw09050-39-02","ミックスヤーンクルーネックニット","139","139","11500","1598500"
"cr25aw01145-26-02","コーデュロイシートダウンコート","59","59","27000","1593000"
"cr25ss19106-09-02","ナイロンドレープマキシスカート","199","199","8000","1592000"
"cr24aw06609-77-03","コットンミックスカノコニット","227","227","7000","1589000"
"cr24aw06609-39-03","コットンミックスカノコニット","227","227","7000","1589000"
"cr25ss06083-62-02","2wayハイネックボウタイシャツ","227","227","7000","1589000"
"cr24aw04101-56-03","マイルドシャギーウールPコート","66","66","24000","1584000"
"cr24aw05809-09-02","シルクブレンドハイネックトップス","292","292","5400","1576800"
"cr24aw06609-09-03","コットンミックスカノコニット","225","225","7000","1575000"
"cr24aw06708-10-02","カーヴィシームリブプルオーバー","225","225","7000","1575000"
"cr24aw05809-25-02","シルクブレンドハイネックトップス","290","290","5400","1566000"
"cr25aw07142-09-01","シアーベロアクルーネックT","311","313","5000","1565000"
"cr25aw09163-21-01","ウールリヨセルハイネックニット","223","223","7000","1561000"
"cr23aw09016-01-01","ブークレークルーネックニット","208","208","7500","1560000"
"cr24aw05809-25-03","シルクブレンドハイネックトップス","288","288","5400","1555200"
"cr25aw19160-03-03","フェイクスウェードIラインスカート","194","194","8000","1552000"
"cr23aw11005-09-02","ウォッシャブルフレアパンツ","221","221","7000","1547000"
"cr24aw05809-09-03","シルクブレンドハイネックトップス","286","286","5400","1544400"
"cr25ss19152-23-02","ストレッチベロアストレートスカート","257","257","6000","1542000"
"cr24aw05506-88-03","バックステッチレギュラーシャツ","255","255","6000","1530000"
"cr25aw01138-76-02","リバーロングステンカラーコート","85","85","18000","1530000"
"cr24aw07210-09-02","ソフトツイストデニムワイドパンツ","191","191","8000","1528000"
"cr25ss11104-36-03","ヴィンテージライクワイドパンツ","191","191","8000","1528000"
"cr25aw09163-09-03","ウールリヨセルハイネックニット","218","218","7000","1526000"
"cr25aw08146-09-03","2wayラフインレーボートネックロンT","282","282","5400","1522800"
"cr24aw07907-90-99","フープライクイヤーカフセット","304","304","5000","1520000"
"cr24aw07807-90-99","ツイストカーブチェーンピアス","303","303","5000","1515000"
"cr25ss06081-60-02","フルダルスパンフードシャツ 受注期間 - 3/30 23:59","189","189","8000","1512000"
"cr25ss11119-84-03","ピンタックスラブストレートパンツ","182","182","8300","1510600"
"cr24aw09060-10-77","ケープレイヤードVネックベスト","188","188","8000","1504000"
"cr23aw09016-10-01","ブークレークルーネックニット","200","200","7500","1500000"
"cr24ss03033-34-03","ダブルブレストツイルジャケット","136","136","11000","1496000"
"cr25aw04153-54-02","ヴィンテージギャバルーズブルゾン","166","166","9000","1494000"
"cr25ss07129-14-03","ドライコンフォートカラーTシャツ","372","373","4000","1492000"
"cr25aw19416-05-77","ボタンスタッズスウェードベルト","165","165","9000","1485000"
"cr25ss06088-11-02","オーバーサイズコットンシャツ","212","212","7000","1484000"
"cr25ss11114-36-03","トリアセテートジャカードパンツ","114","114","13000","1482000"
"cr25ss11114-36-02","トリアセテートジャカードパンツ","114","114","13000","1482000"
"cr23aw18008-08-03","フロントフライニットワンピース","148","148","10000","1480000"
"cr25ss06081-32-03","フルダルスパンフードシャツ","185","185","8000","1480000"
"cr25ss07129-47-02","ドライコンフォートカラーTシャツ","370","370","4000","1480000"
"cr24aw07409-66-99","モイストタッチボリュームストール","246","246","6000","1476000"
"cr24aw07409-39-99","モイストタッチボリュームストール","246","246","6000","1476000"
"cr24aw05040-29-01","ダブルブレストダウンジャケット","70","70","21000","1470000"
"cr25ss19107-09-02","ラップレイヤードIラインスカート 受注期間 - 3/30 23:59","147","147","10000","1470000"
"cr24aw05611-59-02","アシンメトリーツータックパンツ","183","183","8000","1464000"
"cr25ss19089-06-01","バックタックナロースカート","209","209","7000","1463000"
"cr25ss03108-79-02","レイヤードシアージャケット","133","133","11000","1463000"
"cr25aw07157-80-02","バックドロストハイネックトップス","242","243","6000","1458000"
"cr24aw11070-69-03","ウールミックスツィードスラックス","161","161","9000","1449000"
"cr24aw19073-36-01","ウールライクラップロングスカート","181","181","8000","1448000"
"cr24ss06031-09-02","フレアスリーブメッシュシャツ","206","206","7000","1442000"
"cr25ss01082-39-01","ピーチスキンモッズコート","80","80","18000","1440000"
"cr25aw09165-09-01","2wayハイネックスリムカーディガン","221","221","6500","1436500"
"cr24ss10026-73-00","ソフトカーヴィデニムスラックス","179","179","8000","1432000"
"cr25ss07111-28-03","2wayハニカムサーマルカットソー","317","317","4500","1426500"
"cr24aw19073-09-01","ウールライクラップロングスカート","177","178","8000","1424000"
"cr24aw06125-85-02","セミドルマンドロストデザインシャツ 受注期間 - 5/25 23:59","225","225","6300","1417500"
"cr24aw11070-69-02","ウールミックスツィードスラックス","157","157","9000","1413000"
"cr25ss19107-09-01","ラップレイヤードIラインスカート 受注期間 - 3/30 23:59","141","141","10000","1410000"
"cr24aw04701-09-01","2wayウールリバーショートコート","64","64","22000","1408000"
"cr25ss08109-02-02","セットインルーズスウェットロンT","234","234","6000","1404000"
"cr25aw01138-76-03","リバーロングステンカラーコート","78","78","18000","1404000"
"cr25aw09165-00-01","2wayハイネックスリムカーディガン","215","215","6500","1397500"
"cr25aw19148-19-01","テンセルコットンピケIラインスカート","174","174","8000","1392000"
"cr24aw09063-56-03","シャギークルーネックルーズニット","214","214","6500","1391000"
"cr25ss18118-39-03","ボックスタックキャミワンピース","139","139","10000","1390000"
"cr25ss07129-61-01","ドライコンフォートカラーTシャツ","347","347","4000","1388000"
"cr25ss19152-23-03","ストレッチベロアストレートスカート","231","231","6000","1386000"
"cr25aw06144-19-03","テンセルコットンピケミニマルシャツ","198","198","7000","1386000"
"cr25aw09162-18-02","カシミアブレンドメリノウールニット","198","198","7000","1386000"
"cr24aw05611-59-03","アシンメトリーツータックパンツ","173","173","8000","1384000"
"cr24ss10026-74-02","ソフトカーヴィデニムスラックス","172","172","8000","1376000"
"cr25aw14171-91-99","グロッシーペブルピアス / イヤリング","218","218","6300","1373400"
"cr25ss10080-81-01","ソフトカーヴィーデニムパンツ","171","171","8000","1368000"
"cr25aw09150-55-99","2wayウールカシミアニットビスチェ","258","258","5300","1367400"
"cr25ss07116-06-02","マルチウェイレイヤードタンクトップ","253","253","5400","1366200"
"cr25ss07129-14-02","ドライコンフォートカラーTシャツ","339","339","4000","1356000"
"cr25ss11113-09-01","ウォッシャブルサテンスラックス","169","169","8000","1352000"
"cr25aw07157-80-03","バックドロストハイネックトップス","225","225","6000","1350000"
"cr24aw05040-29-03","ダブルブレストダウンジャケット","64","64","21000","1344000"
"cr25aw11155-75-66","フリーウエストベルテッドパンツ","168","168","8000","1344000"
"cr25ss06128-76-02","イージーラップマキシワンピース","158","158","8500","1343000"
"cr25ss19152-24-03","ストレッチベロアストレートスカート","223","223","6000","1338000"
"cr24ss11029-72-03","サイドタックスラブワイドパンツ","167","167","8000","1336000"
"cr25aw18164-39-01","フロントフライニットワンピース","133","133","10000","1330000"
"cr25aw08146-09-01","2wayラフインレーボートネックロンT","246","246","5400","1328400"
"cr24aw06125-85-03","セミドルマンドロストデザインシャツ 受注期間 - 5/25 23:59","210","210","6300","1323000"
"cr25aw01138-76-01","リバーロングステンカラーコート","73","73","18000","1314000"
"cr24ss07023-29-02","2wayハニカムサーマルカットソー","290","290","4500","1305000"
"cr25aw11169-06-01","ギャバフリースウォームスラックス","186","186","7000","1302000"
"cr24ss07023-06-01","2wayハニカムサーマルカットソー","289","289","4500","1300500"
"cr24aw06418-36-03","ボックスタックキャミワンピース","129","129","10000","1290000"
"cr23aw06006-66-01","アセテートパネルシームシャツ","184","184","7000","1288000"
"cr25aw19160-76-01","フェイクスウェードIラインスカート","161","161","8000","1288000"
"cr24aw05506-29-01","バックステッチレギュラーシャツ","212","212","6000","1272000"
"cr23aw07007-07-01","フロッキーチュールトップス","254","254","5000","1270000"
"cr24aw06518-36-01","ジョーゼットシェイプワンピース","141","141","9000","1269000"
"cr24aw07516-36-02","ボタンスタッズレザーベルト 受注期間 - 3/30 23:59","141","141","9000","1269000"
"cr25ss10080-63-00","ソフトカーヴィーデニムパンツ","158","158","8000","1264000"
"cr23aw06006-89-01","アセテートパネルシームシャツ","180","180","7000","1260000"
"cr25ss06081-60-01","フルダルスパンフードシャツ 受注期間 - 3/30 23:59","157","157","8000","1256000"
"cr25ss08109-02-03","セットインルーズスウェットロンT","209","209","6000","1254000"
"cr25aw19416-29-88","ボタンスタッズスウェードベルト","139","139","9000","1251000"
"cr25aw11147-38-03","サイドシームニットラインスラックス","156","156","8000","1248000"
"cr24ss18030-03-01","ナイロンマルチウェイセットアップ","113","113","11000","1243000"
"cr23aw11004-09-02","ウールブレンドスラックス","177","177","7000","1239000"
"cr24aw05040-29-02","ダブルブレストダウンジャケット","59","59","21000","1239000"
"cr25aw09162-18-03","カシミアブレンドメリノウールニット","175","175","7000","1225000"
"cr25ss11102-86-02","2wayレイヤードストレートパンツ","144","144","8500","1224000"
"cr24aw04054-39-03","フェイクレザージップブルゾン","122","122","10000","1220000"
"cr24aw19052-09-02","フェイクレザードレープスカート","174","174","7000","1218000"
"cr25aw09163-09-02","ウールリヨセルハイネックニット","174","174","7000","1218000"
"cr25ss11130-57-01","ウォーターリペレントスラックス","173","173","7000","1211000"
"cr25ss06088-11-03","オーバーサイズコットンシャツ","172","172","7000","1204000"
"cr25ss07111-60-02","2wayハニカムサーマルカットソー","267","267","4500","1201500"
"cr24aw06053-00-01","ビッグポケットハイネックブラウス","150","150","8000","1200000"
"cr24aw04054-39-02","フェイクレザージップブルゾン","120","120","10000","1200000"
"cr24aw04101-56-01","マイルドシャギーウールPコート","50","50","24000","1200000"
"cr25ss19152-24-02","ストレッチベロアストレートスカート","200","200","6000","1200000"
"cr25aw09156-03-88","モヘヤミックスシアールーズニット","171","171","7000","1197000"
"cr24aw09050-03-02","ミックスヤーンクルーネックニット","104","104","11500","1196000"
"cr25ss06128-76-01","イージーラップマキシワンピース","140","140","8500","1190000"
"cr24ss01022-05-01","ドレープステンカラーコート","74","74","16000","1184000"
"cr25aw11147-72-03","サイドシームニットラインスラックス","148","148","8000","1184000"
"cr23aw18011-09-02","リングジャカードワンピース","118","118","10000","1180000"
"cr24aw06125-85-01","セミドルマンドロストデザインシャツ 受注期間 - 5/25 23:59","187","187","6300","1178100"
"cr24ss06031-09-03","フレアスリーブメッシュシャツ","168","168","7000","1176000"
"cr24aw05506-88-01","バックステッチレギュラーシャツ","196","196","6000","1176000"
"cr24aw19073-57-03","ウールライクラップロングスカート","147","147","8000","1176000"
"cr25aw09168-69-03","ロービングスラブニットスカート","147","147","8000","1176000"
"cr24aw06518-09-03","ジョーゼットシェイプワンピース","130","130","9000","1170000"
"cr25ss19152-23-01","ストレッチベロアストレートスカート","194","194","6000","1164000"
"cr24aw23051-07-03","マットサテンカーゴパンツ","129","129","9000","1161000"
"cr25aw04153-54-03","ヴィンテージギャバルーズブルゾン","129","129","9000","1161000"
"cr25ss19152-23-01","ストレッチベロアストレートスカート 受注期間 - 5/25 23:59","192","193","6000","1158000"
"cr24ss18034-10-01","ディープネックセットワンピース","91","91","12700","1155700"
"cr23aw09014-03-01","メランジディープVネックニット","165","165","7000","1155000"
"cr23aw09014-09-01","メランジディープVネックニット","164","164","7000","1148000"
"cr24aw05506-69-02","バックステッチレギュラーシャツ","190","190","6000","1140000"
"cr24aw03061-29-03","ツイーディヘリンボンジャケット","113","113","10000","1130000"
"cr25aw11149-63-00","アジャスタブルIラインデニムパンツ","141","141","8000","1128000"
"cr24aw05809-89-01","シルクブレンドハイネックトップス","208","208","5400","1123200"
"cr23aw11005-09-01","ウォッシャブルフレアパンツ","160","160","7000","1120000"
"cr25aw11169-76-02","ギャバフリースウォームスラックス","159","159","7000","1113000"
"cr24aw06418-09-02","ボックスタックキャミワンピース","111","111","10000","1110000"
"cr25ss19107-09-01","ラップレイヤードIラインスカート","111","111","10000","1110000"
"cr25ss03127-57-02","ポケッタブルストレッチジャケット","122","122","9000","1098000"
"cr25ss06128-76-03","イージーラップマキシワンピース","129","129","8500","1096500"
"cr25aw11147-38-02","サイドシームニットラインスラックス","137","137","8000","1096000"
"cr24aw09050-03-03","ミックスヤーンクルーネックニット","95","95","11500","1092500"
"cr24aw03061-29-02","ツイーディヘリンボンジャケット","109","109","10000","1090000"
"cr24ss03033-34-01","ダブルブレストツイルジャケット","99","99","11000","1089000"
"cr24aw23051-07-02","マットサテンカーゴパンツ","120","120","9000","1080000"
"cr25ss11119-09-01","ピンタックスラブストレートパンツ","130","130","8300","1079000"
"cr25aw04153-54-01","ヴィンテージギャバルーズブルゾン","119","119","9000","1071000"
"cr25ss03108-79-03","レイヤードシアージャケット","97","97","11000","1067000"
"cr25ss06083-62-03","2wayハイネックボウタイシャツ","152","152","7000","1064000"
"cr24aw19073-57-02","ウールライクラップロングスカート","132","132","8000","1056000"
"cr25ss19152-23-02","ストレッチベロアストレートスカート 受注期間 - 5/25 23:59","176","176","6000","1056000"
"cr23aw05003-67-01","スタンドカラーダウンジャケット","50","50","21000","1050000"
"cr25aw07142-76-01","シアーベロアクルーネックT","210","210","5000","1050000"
"cr25ss06081-32-01","フルダルスパンフードシャツ","131","131","8000","1048000"
"cr25aw19160-03-01","フェイクスウェードIラインスカート","131","131","8000","1048000"
"cr25aw11147-72-02","サイドシームニットラインスラックス","131","131","8000","1048000"
"cr24ss07023-29-03","2wayハニカムサーマルカットソー","232","232","4500","1044000"
"cr24ss09036-71-99","マルチウェイジップニットビスチェ","231","231","4500","1039500"
"cr25ss07111-60-03","2wayハニカムサーマルカットソー","230","230","4500","1035000"
"cr25aw09168-69-02","ロービングスラブニットスカート","129","129","8000","1032000"
"cr25ss07112-09-03","フォトグラフィープリントTシャツ","229","229","4500","1030500"
"cr25ss03115-06-01","ショールハーフスリーブジャケット","103","103","10000","1030000"
"cr24ss19020-51-02","バックタックナロースカート","147","147","7000","1029000"
"cr24aw09063-03-02","シャギークルーネックルーズニット","158","158","6500","1027000"
"cr24aw06518-09-02","ジョーゼットシェイプワンピース","114","114","9000","1026000"
"cr25ss08109-02-01","セットインルーズスウェットロンT","171","171","6000","1026000"
"cr25ss11104-32-03","ヴィンテージライクワイドパンツ","128","128","8000","1024000"
"cr25ss06088-11-01","オーバーサイズコットンシャツ","146","146","7000","1022000"
"cr24aw06053-75-02","ビッグポケットハイネックブラウス","127","127","8000","1016000"
"cr25ss19089-32-01","バックタックナロースカート","145","145","7000","1015000"
"cr25ss11102-86-03","2wayレイヤードストレートパンツ","119","119","8500","1011500"
"cr23aw18011-09-03","リングジャカードワンピース","101","101","10000","1010000"
"cr23aw19010-09-02","ドレープサテンマキシスカート","126","126","8000","1008000"
"cr24aw06609-77-01","コットンミックスカノコニット","144","144","7000","1008000"
"cr24aw06125-27-01","セミドルマンドロストデザインシャツ","160","160","6300","1008000"
"cr25ss06123-32-06","シアーニットストレートワンピース","112","112","9000","1008000"
"cr25ss11119-84-01","ピンタックスラブストレートパンツ","121","121","8300","1004300"
"cr24aw09071-69-03","メランジハイネックルーズニット","153","153","6500","994500"
"cr25aw11169-76-03","ギャバフリースウォームスラックス","142","142","7000","994000"
"cr24ss11029-35-02","サイドタックスラブワイドパンツ","124","124","8000","992000"
"cr24aw19059-75-01","キュプラブレンドナロースカート","124","124","8000","992000"
"cr23aw18011-09-01","リングジャカードワンピース","98","98","10000","980000"
"cr25ss11130-00-02","ウォーターリペレントスラックス","140","140","7000","980000"
"cr24aw09050-07-02","ミックスヤーンクルーネックニット","85","85","11500","977500"
"cr25ss08101-89-03","シルクブレンドボートネックロンT","181","181","5400","977400"
"cr25ss07111-28-01","2wayハニカムサーマルカットソー","217","217","4500","976500"
"cr25ss11104-36-02","ヴィンテージライクワイドパンツ","122","122","8000","976000"
"cr25ss11113-02-03","ウォッシャブルサテンスラックス 受注期間 - 5/25 23:59","122","122","8000","976000"
"cr25ss19152-23-03","ストレッチベロアストレートスカート 受注期間 - 5/25 23:59","162","162","6000","972000"
"cr25aw07157-80-01","バックドロストハイネックトップス","162","162","6000","972000"
"cr23aw03007-36-01","ヘザーカラーミニマルジャケット","88","88","11000","968000"
"cr25aw06151-16-01","サテンドレープシャツワンピース","88","88","11000","968000"
"cr25ss07129-47-01","ドライコンフォートカラーTシャツ","240","240","4000","960000"
"cr25aw06139-37-02","ベルベットフードワンピース","106","106","9000","954000"
"cr23aw11004-38-02","ウールブレンドスラックス","136","136","7000","952000"
"cr24ss11029-72-01","サイドタックスラブワイドパンツ","119","119","8000","952000"
"cr23aw07007-66-01","フロッキーチュールトップス","189","189","5000","945000"
"cr25ss08109-69-02","セットインルーズスウェットロンT","157","157","6000","942000"
"cr23aw11004-09-01","ウールブレンドスラックス","133","134","7000","938000"
"cr24aw06609-39-01","コットンミックスカノコニット","134","134","7000","938000"
"cr25aw06144-19-01","テンセルコットンピケミニマルシャツ","134","134","7000","938000"
"cr25aw09163-06-01","ウールリヨセルハイネックニット","133","134","7000","938000"
"cr25ss11114-36-01","トリアセテートジャカードパンツ","72","72","13000","936000"
"cr24ss03033-70-02","ダブルブレストツイルジャケット","85","85","11000","935000"
"cr25ss03108-79-01","レイヤードシアージャケット","85","85","11000","935000"
"cr24aw05809-00-01","シルクブレンドハイネックトップス","173","173","5400","934200"
"cr24aw05506-69-03","バックステッチレギュラーシャツ","155","155","6000","930000"
"cr25ss18118-39-02","ボックスタックキャミワンピース","93","93","10000","930000"
"cr23aw07007-07-02","フロッキーチュールトップス","185","185","5000","925000"
"cr24aw03057-48-03","ダブルテーラードジャケット","84","84","11000","924000"
"cr25aw11169-09-66","ギャバフリースウォームスラックス","132","132","7000","924000"
"cr25aw14166-06-99","ストラップフィットコットンビーニー","256","256","3600","921600"
"cr25aw18164-32-01","フロントフライニットワンピース","92","92","10000","920000"
"cr25ss08101-89-02","シルクブレンドボートネックロンT","169","169","5400","912600"
"cr24ss10026-74-01","ソフトカーヴィデニムスラックス","114","114","8000","912000"
"cr25aw11155-37-66","フリーウエストベルテッドパンツ","114","114","8000","912000"
"cr25aw11147-38-01","サイドシームニットラインスラックス","114","114","8000","912000"
"cr24aw06418-09-01","ボックスタックキャミワンピース","91","91","10000","910000"
"cr25ss18118-39-01","ボックスタックキャミワンピース","91","91","10000","910000"
"cr23aw19010-09-03","ドレープサテンマキシスカート","113","113","8000","904000"
"cr24aw05611-59-01","アシンメトリーツータックパンツ","113","113","8000","904000"
"cr24ss19020-51-03","バックタックナロースカート","129","129","7000","903000"
"cr24ss03021-36-01","ハーフスリーブボクシージャケット","100","100","9000","900000"
"cr25aw09167-04-03","ロービングスラブルーズニット","112","112","8000","896000"
"cr25ss07116-06-01","マルチウェイレイヤードタンクトップ","165","165","5400","891000"
"cr23aw06006-66-02","アセテートパネルシームシャツ","127","127","7000","889000"
"cr24ss06031-09-01","フレアスリーブメッシュシャツ","127","127","7000","889000"
"cr24aw06053-75-03","ビッグポケットハイネックブラウス","111","111","8000","888000"
"cr23aw11005-09-03","ウォッシャブルフレアパンツ","126","126","7000","882000"
"cr24ss07027-02-02","シルケットピンタックT","220","220","4000","880000"
"cr24aw04701-38-02","2wayウールリバーショートコート","40","40","22000","880000"
"cr23aw06006-89-02","アセテートパネルシームシャツ","125","125","7000","875000"
"cr25ss11130-00-03","ウォーターリペレントスラックス","125","125","7000","875000"
"cr24ss07031-69-02","マルチカラーノースリーブトップス","194","194","4500","873000"
"cr25ss03127-57-03","ポケッタブルストレッチジャケット","97","97","9000","873000"
"cr24aw09060-55-88","ケープレイヤードVネックベスト","109","109","8000","872000"
"cr25ss19107-03-02","ラップレイヤードIラインスカート","87","87","10000","870000"
"cr25ss07112-00-01","フォトグラフィープリントTシャツ","193","193","4500","868500"
"cr23aw19010-09-01","ドレープサテンマキシスカート","108","108","8000","864000"
"cr25ss07112-09-02","フォトグラフィープリントTシャツ","192","192","4500","864000"
"cr24aw06609-09-01","コットンミックスカノコニット","123","123","7000","861000"
"cr25ss08101-69-01","シルクブレンドボートネックロンT","159","159","5400","858600"
"cr25ss19106-09-01","ナイロンドレープマキシスカート","106","106","8000","848000"
"cr25ss11113-02-01","ウォッシャブルサテンスラックス 受注期間 - 5/25 23:59","106","106","8000","848000"
"cr25aw09167-04-02","ロービングスラブルーズニット","106","106","8000","848000"
"cr23aw09016-01-02","ブークレークルーネックニット","113","113","7500","847500"
"cr25aw07157-20-03","バックドロストハイネックトップス","141","141","6000","846000"
"cr25aw07157-20-02","バックドロストハイネックトップス","141","141","6000","846000"
"cr23aw19010-32-02","ドレープサテンマキシスカート","105","105","8000","840000"
"cr24aw19052-39-02","フェイクレザードレープスカート","120","120","7000","840000"
"cr25ss06123-32-06","シアーニットストレートワンピース 受注期間 - 5/25 23:59","93","93","9000","837000"
"cr25ss07111-09-02","2wayハニカムサーマルカットソー","185","185","4500","832500"
"cr25aw18164-32-02","フロントフライニットワンピース","83","83","10000","830000"
"cr25aw06139-09-03","ベルベットフードワンピース","92","92","9000","828000"
"cr24aw19052-39-03","フェイクレザードレープスカート","118","118","7000","826000"
"cr24aw19052-09-01","フェイクレザードレープスカート","118","118","7000","826000"
"cr24aw03057-48-02","ダブルテーラードジャケット","75","75","11000","825000"
"cr24aw07210-09-01","ソフトツイストデニムワイドパンツ","103","103","8000","824000"
"cr24ss07031-69-03","マルチカラーノースリーブトップス","183","183","4500","823500"
"cr25aw18164-32-03","フロントフライニットワンピース","82","82","10000","820000"
"cr24aw23051-09-01","マットサテンカーゴパンツ","91","91","9000","819000"
"cr25ss08109-69-03","セットインルーズスウェットロンT","136","136","6000","816000"
"cr24aw06708-10-01","カーヴィシームリブプルオーバー","116","116","7000","812000"
"cr25aw11169-76-01","ギャバフリースウォームスラックス","116","116","7000","812000"
"cr24ss07031-09-02","マルチカラーノースリーブトップス","180","180","4500","810000"
"cr24aw07516-36-01","ボタンスタッズレザーベルト 受注期間 - 3/30 23:59","90","90","9000","810000"
"cr25ss06123-09-06","シアーニットストレートワンピース 受注期間 - 5/25 23:59","90","90","9000","810000"
"cr24aw11070-69-01","ウールミックスツィードスラックス","89","89","9000","801000"
"cr24ss11029-35-03","サイドタックスラブワイドパンツ","100","100","8000","800000"
"cr24aw06418-68-03","ボックスタックキャミワンピース","80","80","10000","800000"
"cr23aw05003-67-02","スタンドカラーダウンジャケット","38","38","21000","798000"
"cr25ss06083-62-01","2wayハイネックボウタイシャツ","114","114","7000","798000"
"cr24aw05809-25-01","シルクブレンドハイネックトップス","147","147","5400","793800"
"cr25ss06081-60-02","フルダルスパンフードシャツ","99","99","8000","792000"
"cr25ss03127-57-01","ポケッタブルストレッチジャケット","88","88","9000","792000"
"cr24aw05809-09-01","シルクブレンドハイネックトップス","146","146","5400","788400"
"cr23aw09016-10-02","ブークレークルーネックニット","104","104","7500","780000"
"cr24ss07023-29-01","2wayハニカムサーマルカットソー","172","172","4500","774000"
"cr25ss01082-04-02","ピーチスキンモッズコート","43","43","18000","774000"
"cr25ss06123-32-05","シアーニットストレートワンピース","86","86","9000","774000"
"cr25ss19152-24-03","ストレッチベロアストレートスカート 受注期間 - 5/25 23:59","129","129","6000","774000"
"cr24ss07031-09-03","マルチカラーノースリーブトップス","169","169","4500","760500"
"cr24aw06125-09-03","セミドルマンドロストデザインシャツ","120","120","6300","756000"
"cr25aw11147-72-01","サイドシームニットラインスラックス","94","94","8000","752000"
"cr25ss18118-80-03","ボックスタックキャミワンピース","75","75","10000","750000"
"cr24ss03033-70-03","ダブルブレストツイルジャケット","68","68","11000","748000"
"cr25ss11113-02-02","ウォッシャブルサテンスラックス 受注期間 - 5/25 23:59","93","93","8000","744000"
"cr25ss06081-60-03","フルダルスパンフードシャツ","92","92","8000","736000"
"cr25ss11113-09-01","ウォッシャブルサテンスラックス 受注期間 - 5/25 23:59","92","92","8000","736000"
"cr25aw06154-40-02","ストライプパネルシームシャツ","105","105","7000","735000"
"cr25aw06139-37-01","ベルベットフードワンピース","81","81","9000","729000"
"cr23aw19010-32-03","ドレープサテンマキシスカート","91","91","8000","728000"
"cr24aw09062-10-03","サイドシームレスニットパンツ","104","104","7000","728000"
"cr25aw11149-81-00","アジャスタブルIラインデニムパンツ","91","91","8000","728000"
"cr24aw09050-07-03","ミックスヤーンクルーネックニット","63","63","11500","724500"
"cr23aw19010-32-01","ドレープサテンマキシスカート","90","90","8000","720000"
"cr25ss07111-09-03","2wayハニカムサーマルカットソー","159","159","4500","715500"
"cr25ss06081-32-03","フルダルスパンフードシャツ 受注期間 - 3/30 23:59","89","89","8000","712000"
"cr25ss19107-03-03","ラップレイヤードIラインスカート 受注期間 - 3/30 23:59","71","71","10000","710000"
"cr25ss19152-24-01","ストレッチベロアストレートスカート 受注期間 - 5/25 23:59","118","118","6000","708000"
"cr23aw11004-09-03","ウールブレンドスラックス","101","101","7000","707000"
"cr23aw03007-36-02","ヘザーカラーミニマルジャケット","64","64","11000","704000"
"cr23aw19015-09-02","フェイクレザーナロースカート","88","88","8000","704000"
"cr24aw19059-69-03","キュプラブレンドナロースカート","88","88","8000","704000"
"cr24aw04701-38-03","2wayウールリバーショートコート","32","32","22000","704000"
"cr25aw11149-81-66","アジャスタブルIラインデニムパンツ","88","88","8000","704000"
"cr24aw11070-71-02","ウールミックスツィードスラックス","78","78","9000","702000"
"cr24ss19020-51-01","バックタックナロースカート","100","100","7000","700000"
"cr24aw03061-29-01","ツイーディヘリンボンジャケット","70","70","10000","700000"
"cr25ss11102-86-01","2wayレイヤードストレートパンツ","82","82","8500","697000"
"cr25ss07087-39-02","フロントフライバックオープンジレ","82","82","8500","697000"
"cr25aw06154-40-03","ストライプパネルシームシャツ","99","99","7000","693000"
"cr25ss19107-03-03","ラップレイヤードIラインスカート","69","69","10000","690000"
"cr25ss07111-60-01","2wayハニカムサーマルカットソー","153","153","4500","688500"
"cr23aw19010-55-02","ドレープサテンマキシスカート","86","86","8000","688000"
"cr24ss07027-02-03","シルケットピンタックT","172","172","4000","688000"
"cr25aw09163-09-01","ウールリヨセルハイネックニット","98","98","7000","686000"
"cr25aw11169-06-66","ギャバフリースウォームスラックス","98","98","7000","686000"
"cr23aw11004-38-01","ウールブレンドスラックス","97","97","7000","679000"
"cr24aw05506-69-01","バックステッチレギュラーシャツ","113","113","6000","678000"
"cr24aw09071-69-02","メランジハイネックルーズニット","104","104","6500","676000"
"cr24aw11070-71-03","ウールミックスツィードスラックス","75","75","9000","675000"
"cr23aw06019-36-01","ボタンスリーブギャザーシャツ","95","96","7000","672000"
"cr25ss08109-69-01","セットインルーズスウェットロンT","112","112","6000","672000"
"cr25ss11104-36-01","ヴィンテージライクワイドパンツ","84","84","8000","672000"
"cr23aw07007-66-02","フロッキーチュールトップス","134","134","5000","670000"
"cr24aw06418-36-02","ボックスタックキャミワンピース","67","67","10000","670000"
"cr24aw05809-50-03","シルクブレンドハイネックトップス","124","124","5400","669600"
"cr24aw06125-27-03","セミドルマンドロストデザインシャツ 受注期間 - 5/25 23:59","106","106","6300","667800"
"cr23aw18008-57-02","フロントフライニットワンピース","66","66","10000","660000"
"cr25ss07129-14-01","ドライコンフォートカラーTシャツ","165","165","4000","660000"
"cr25aw06151-16-02","サテンドレープシャツワンピース","60","60","11000","660000"
"cr24ss07031-69-01","マルチカラーノースリーブトップス","146","146","4500","657000"
"cr25ss11113-09-03","ウォッシャブルサテンスラックス 受注期間 - 5/25 23:59","82","82","8000","656000"
"cr24aw09062-10-02","サイドシームレスニットパンツ","93","93","7000","651000"
"cr25ss19107-03-01","ラップレイヤードIラインスカート","65","65","10000","650000"
"cr25aw06151-16-03","サテンドレープシャツワンピース","59","59","11000","649000"
"cr24aw06125-09-02","セミドルマンドロストデザインシャツ","103","103","6300","648900"
"cr25ss19106-01-03","ナイロンドレープマキシスカート","81","81","8000","648000"
"cr25ss19152-24-01","ストレッチベロアストレートスカート","108","108","6000","648000"
"cr25ss11113-02-03","ウォッシャブルサテンスラックス","81","81","8000","648000"
"cr25aw06139-37-03","ベルベットフードワンピース","72","72","9000","648000"
"cr23aw11005-36-02","ウォッシャブルフレアパンツ","92","92","7000","644000"
"cr24aw06418-36-01","ボックスタックキャミワンピース","64","64","10000","640000"
"cr24aw19059-69-02","キュプラブレンドナロースカート","80","80","8000","640000"
"cr25aw09156-50-77","モヘヤミックスシアールーズニット","91","91","7000","637000"
"cr25aw09156-50-88","モヘヤミックスシアールーズニット","91","91","7000","637000"
"cr25aw07157-20-01","バックドロストハイネックトップス","106","106","6000","636000"
"cr23aw19010-55-03","ドレープサテンマキシスカート","79","79","8000","632000"
"cr25ss11104-32-02","ヴィンテージライクワイドパンツ","79","79","8000","632000"
"cr23aw06019-36-02","ボタンスリーブギャザーシャツ","90","90","7000","630000"
"cr23aw18008-57-01","フロントフライニットワンピース","63","63","10000","630000"
"cr24aw19073-57-01","ウールライクラップロングスカート","78","78","8000","624000"
"cr25ss19106-01-02","ナイロンドレープマキシスカート","78","78","8000","624000"
"cr25ss11104-13-03","ヴィンテージライクワイドパンツ","78","78","8000","624000"
"cr25ss11130-00-01","ウォーターリペレントスラックス","89","89","7000","623000"
"cr23aw19010-55-01","ドレープサテンマキシスカート","77","77","8000","616000"
"cr25ss19152-24-02","ストレッチベロアストレートスカート 受注期間 - 5/25 23:59","102","102","6000","612000"
"cr25ss06128-49-03","イージーラップマキシワンピース","72","72","8500","612000"
"cr25aw14170-91-99","グロッシーペブルピアス / イヤリング","97","97","6300","611100"
"cr24aw09063-56-02","シャギークルーネックルーズニット","94","94","6500","611000"
"cr24aw04054-39-01","フェイクレザージップブルゾン","61","61","10000","610000"
"cr24aw05809-50-02","シルクブレンドハイネックトップス","112","112","5400","604800"
"cr24aw06125-09-03","セミドルマンドロストデザインシャツ 受注期間 - 5/25 23:59","96","96","6300","604800"
"cr24ss07031-09-01","マルチカラーノースリーブトップス","134","134","4500","603000"
"cr23aw06006-02-01","アセテートパネルシームシャツ","85","85","7000","595000"
"cr25ss01082-04-01","ピーチスキンモッズコート","33","33","18000","594000"
"cr25aw08146-57-02","2wayラフインレーボートネックロンT","110","110","5400","594000"
"cr25aw07409-49-99","モイストタッチボリュームストール 受注期間 - 11/17 23:59","99","99","6000","594000"
"cr25aw01145-03-01","コーデュロイシートダウンコート","22","22","27000","594000"
"cr24aw06125-27-01","セミドルマンドロストデザインシャツ 受注期間 - 5/25 23:59","94","94","6300","592200"
"cr24aw06125-27-02","セミドルマンドロストデザインシャツ 受注期間 - 5/25 23:59","94","94","6300","592200"
"cr23aw19015-09-03","フェイクレザーナロースカート","72","74","8000","592000"
"cr23aw19015-09-01","フェイクレザーナロースカート","74","74","8000","592000"
"cr25ss07087-39-03","フロントフライバックオープンジレ","69","69","8500","586500"
"cr24aw03057-48-01","ダブルテーラードジャケット","53","53","11000","583000"
"cr24ss07027-10-02","シルケットピンタックT","145","145","4000","580000"
"cr24aw23051-07-01","マットサテンカーゴパンツ","64","64","9000","576000"
"cr25ss10080-81-00","ソフトカーヴィーデニムパンツ","72","72","8000","576000"
"cr24aw06708-42-02","カーヴィシームリブプルオーバー","82","82","7000","574000"
"cr25ss06088-69-02","オーバーサイズコットンシャツ","82","82","7000","574000"
"cr24aw07210-04-02","ソフトツイストデニムワイドパンツ","71","71","8000","568000"
"cr25aw19148-31-03","テンセルコットンピケIラインスカート","71","71","8000","568000"
"cr24aw06609-17-02","コットンミックスカノコニット","81","81","7000","567000"
"cr24ss07027-00-02","シルケットピンタックT","141","141","4000","564000"
"cr24aw09062-10-01","サイドシームレスニットパンツ","79","79","7000","553000"
"cr24ss11029-35-01","サイドタックスラブワイドパンツ","69","69","8000","552000"
"cr24aw07210-04-03","ソフトツイストデニムワイドパンツ","69","69","8000","552000"
"cr25ss06081-60-01","フルダルスパンフードシャツ","69","69","8000","552000"
"cr25ss11104-13-02","ヴィンテージライクワイドパンツ","69","69","8000","552000"
"cr25ss11113-02-02","ウォッシャブルサテンスラックス","69","69","8000","552000"
"cr25ss11113-09-02","ウォッシャブルサテンスラックス 受注期間 - 5/25 23:59","69","69","8000","552000"
"cr25ss18118-80-02","ボックスタックキャミワンピース","55","55","10000","550000"
"cr24aw06518-09-01","ジョーゼットシェイプワンピース","61","61","9000","549000"
"cr24ss07027-02-01","シルケットピンタックT","136","136","4000","544000"
"cr25aw01145-03-02","コーデュロイシートダウンコート","20","20","27000","540000"
"cr24ss03033-70-01","ダブルブレストツイルジャケット","49","49","11000","539000"
"cr24aw06609-17-03","コットンミックスカノコニット","77","77","7000","539000"
"cr25aw19160-48-02","フェイクスウェードIラインスカート","67","67","8000","536000"
"cr25ss18118-80-01","ボックスタックキャミワンピース","53","53","10000","530000"
"cr25aw08146-57-03","2wayラフインレーボートネックロンT","98","98","5400","529200"
"cr24aw06053-75-01","ビッグポケットハイネックブラウス","66","66","8000","528000"
"cr23aw09014-09-02","メランジディープVネックニット","75","75","7000","525000"
"cr25aw19416-29-77","ボタンスタッズスウェードベルト","58","58","9000","522000"
"cr24ss10026-74-00","ソフトカーヴィデニムスラックス","65","65","8000","520000"
"cr25ss06081-32-02","フルダルスパンフードシャツ 受注期間 - 3/30 23:59","65","65","8000","520000"
"cr23aw11004-38-03","ウールブレンドスラックス","74","74","7000","518000"
"cr24aw06708-42-03","カーヴィシームリブプルオーバー","74","74","7000","518000"
"cr24aw07907-91-99","フープライクイヤーカフセット","103","103","5000","515000"
"cr25ss06123-32-05","シアーニットストレートワンピース 受注期間 - 5/25 23:59","57","57","9000","513000"
"cr24aw07807-91-99","ツイストカーブチェーンピアス","102","102","5000","510000"
"cr25aw08146-57-01","2wayラフインレーボートネックロンT","94","94","5400","507600"
"cr25aw19160-48-03","フェイクスウェードIラインスカート","63","63","8000","504000"
"cr25ss19107-03-01","ラップレイヤードIラインスカート 受注期間 - 3/30 23:59","50","50","10000","500000"
"cr23aw09014-03-02","メランジディープVネックニット","71","71","7000","497000"
"cr24aw19052-39-01","フェイクレザードレープスカート","71","71","7000","497000"
"cr25ss06128-49-02","イージーラップマキシワンピース","58","58","8500","493000"
"cr25ss07111-09-01","2wayハニカムサーマルカットソー","108","108","4500","486000"
"cr23aw11005-36-01","ウォッシャブルフレアパンツ","68","68","7000","476000"
"cr25ss11102-69-02","2wayレイヤードストレートパンツ","56","56","8500","476000"
"cr25ss06088-69-03","オーバーサイズコットンシャツ","68","68","7000","476000"
"cr25ss01082-04-03","ピーチスキンモッズコート","26","26","18000","468000"
"cr25ss06123-09-05","シアーニットストレートワンピース 受注期間 - 5/25 23:59","52","52","9000","468000"
"cr24ss07027-00-03","シルケットピンタックT","116","116","4000","464000"
"cr24aw04701-38-01","2wayウールリバーショートコート","21","21","22000","462000"
"cr24ss07027-10-03","シルケットピンタックT","115","115","4000","460000"
"cr25ss08101-89-01","シルクブレンドボートネックロンT","85","85","5400","459000"
"cr25aw06139-09-02","ベルベットフードワンピース","51","51","9000","459000"
"cr25aw01145-03-03","コーデュロイシートダウンコート","17","17","27000","459000"
"cr25aw09168-04-02","ロービングスラブニットスカート","57","57","8000","456000"
"cr25ss11114-03-02","トリアセテートジャカードパンツ","35","35","13000","455000"
"cr25ss11114-03-03","トリアセテートジャカードパンツ","35","35","13000","455000"
"cr25aw06154-40-01","ストライプパネルシームシャツ","64","65","7000","455000"
"cr25ss03115-48-02","ショールハーフスリーブジャケット","45","45","10000","450000"
"cr25aw07409-66-99","モイストタッチボリュームストール 受注期間 - 11/17 23:59","75","75","6000","450000"
"cr25aw06144-31-02","テンセルコットンピケミニマルシャツ","64","64","7000","448000"
"cr25ss08101-12-02","シルクブレンドボートネックロンT","82","82","5400","442800"
"cr25ss11102-69-03","2wayレイヤードストレートパンツ","52","52","8500","442000"
"cr25ss07112-09-01","フォトグラフィープリントTシャツ","98","98","4500","441000"
"cr25ss11104-32-01","ヴィンテージライクワイドパンツ","55","55","8000","440000"
"cr25aw07409-10-99","モイストタッチボリュームストール 受注期間 - 11/17 23:59","73","73","6000","438000"
"cr24aw19052-57-02","フェイクレザードレープスカート","62","62","7000","434000"
"cr24aw11070-71-01","ウールミックスツィードスラックス","48","48","9000","432000"
"cr25ss06081-32-01","フルダルスパンフードシャツ 受注期間 - 3/30 23:59","54","54","8000","432000"
"cr23aw06006-02-02","アセテートパネルシームシャツ","61","61","7000","427000"
"cr24aw19052-57-03","フェイクレザードレープスカート","61","61","7000","427000"
"cr25ss19106-01-01","ナイロンドレープマキシスカート","53","53","8000","424000"
"cr24aw06125-09-02","セミドルマンドロストデザインシャツ 受注期間 - 5/25 23:59","67","67","6300","422100"
"cr23aw09016-68-01","ブークレークルーネックニット","56","56","7500","420000"
"cr25ss06088-69-01","オーバーサイズコットンシャツ","60","60","7000","420000"
"cr25ss07087-39-01","フロントフライバックオープンジレ","49","49","8500","416500"
"cr24aw06418-68-02","ボックスタックキャミワンピース","41","41","10000","410000"
"cr25aw14134-91-99","ウェイビーアジャスタブルネックレス","50","50","8000","400000"
"cr25ss03115-48-03","ショールハーフスリーブジャケット","39","39","10000","390000"
"cr23aw11005-36-03","ウォッシャブルフレアパンツ","55","55","7000","385000"
"cr25ss08101-12-03","シルクブレンドボートネックロンT","70","70","5400","378000"
"cr25aw19160-48-01","フェイクスウェードIラインスカート","47","47","8000","376000"
"cr25aw09167-04-02","ロービングスラブルーズニット 受注期間 - 11/17 23:59","47","47","8000","376000"
"cr23aw07007-09-01","フロッキーチュールトップス","75","75","5000","375000"
"cr25aw07409-00-99","モイストタッチボリュームストール 受注期間 - 11/17 23:59","62","62","6000","372000"
"cr25ss19107-03-02","ラップレイヤードIラインスカート 受注期間 - 3/30 23:59","37","37","10000","370000"
"cr25aw06139-09-01","ベルベットフードワンピース","41","41","9000","369000"
"cr25aw09167-69-02","ロービングスラブルーズニット 受注期間 - 11/17 23:59","46","46","8000","368000"
"cr25aw09168-04-03","ロービングスラブニットスカート","46","46","8000","368000"
"cr25aw14170-90-99","グロッシーペブルピアス / イヤリング 受注期間 - 11/17 23:59","58","58","6300","365400"
"cr23aw03007-06-01","ヘザーカラーミニマルジャケット","33","33","11000","363000"
"cr23aw18008-57-03","フロントフライニットワンピース","36","36","10000","360000"
"cr24aw06418-68-01","ボックスタックキャミワンピース","36","36","10000","360000"
"cr25ss06083-69-02","2wayハイネックボウタイシャツ","51","51","7000","357000"
"cr23aw19015-00-02","フェイクレザーナロースカート","44","44","8000","352000"
"cr24ss07027-10-01","シルケットピンタックT","88","88","4000","352000"
"cr24ss07027-00-01","シルケットピンタックT","88","88","4000","352000"
"cr24aw06609-17-01","コットンミックスカノコニット","50","50","7000","350000"
"cr24aw09060-55-77","ケープレイヤードVネックベスト","43","43","8000","344000"
"cr24aw07210-04-01","ソフトツイストデニムワイドパンツ","43","43","8000","344000"
"cr25ss11113-02-01","ウォッシャブルサテンスラックス","43","43","8000","344000"
"cr25ss03127-00-02","ポケッタブルストレッチジャケット","38","38","9000","342000"
"cr25ss11113-00-03","ウォッシャブルサテンスラックス","41","41","8000","328000"
"cr25aw06144-31-03","テンセルコットンピケミニマルシャツ","46","46","7000","322000"
"cr24aw06125-09-01","セミドルマンドロストデザインシャツ","51","51","6300","321300"
"cr25aw14170-91-99","グロッシーペブルピアス / イヤリング 受注期間 - 11/17 23:59","51","51","6300","321300"
"cr24aw19059-69-01","キュプラブレンドナロースカート","40","40","8000","320000"
"cr25ss11113-00-02","ウォッシャブルサテンスラックス","40","40","8000","320000"
"cr25ss11113-00-01","ウォッシャブルサテンスラックス 受注期間 - 5/25 23:59","40","40","8000","320000"
"cr24aw09062-31-02","サイドシームレスニットパンツ","45","45","7000","315000"
"cr24aw09062-31-03","サイドシームレスニットパンツ","45","45","7000","315000"
"cr25aw14171-91-99","グロッシーペブルピアス / イヤリング 受注期間 - 11/17 23:59","50","50","6300","315000"
"cr24aw05040-10-01","ダブルブレストダウンジャケット 受注期間 - 11/17 23:59","15","15","21000","315000"
"cr25ss11102-69-01","2wayレイヤードストレートパンツ","37","37","8500","314500"
"cr25ss07129-82-03","ドライコンフォートカラーTシャツ","78","78","4000","312000"
"cr25aw19148-31-02","テンセルコットンピケIラインスカート","39","39","8000","312000"
"cr25aw07409-46-99","モイストタッチボリュームストール 受注期間 - 11/17 23:59","52","52","6000","312000"
"cr24aw06708-42-01","カーヴィシームリブプルオーバー","44","44","7000","308000"
"cr25ss06083-69-03","2wayハイネックボウタイシャツ","43","43","7000","301000"
"cr25ss06128-49-01","イージーラップマキシワンピース","35","35","8500","297500"
"cr24aw05809-50-01","シルクブレンドハイネックトップス","55","55","5400","297000"
"cr25ss03127-00-03","ポケッタブルストレッチジャケット","33","33","9000","297000"
"cr24aw05040-10-02","ダブルブレストダウンジャケット 受注期間 - 11/17 23:59","14","14","21000","294000"
"cr24ss06031-01-02","フレアスリーブメッシュシャツ","41","41","7000","287000"
"cr25aw11169-09-02","ギャバフリースウォームスラックス 受注期間 - 11/17 23:59","41","41","7000","287000"
"cr23aw07007-09-02","フロッキーチュールトップス","56","56","5000","280000"
"cr23aw19015-00-01","フェイクレザーナロースカート","35","35","8000","280000"
"cr25aw11169-76-66","ギャバフリースウォームスラックス","40","40","7000","280000"
"cr25ss11114-03-01","トリアセテートジャカードパンツ","21","21","13000","273000"
"cr25aw01141-09-03","2wayノーカラーパファーコート 受注期間 - 11/17 23:59","13","13","21000","273000"
"cr25ss11104-13-01","ヴィンテージライクワイドパンツ","34","34","8000","272000"
"cr25ss11113-00-01","ウォッシャブルサテンスラックス","33","33","8000","264000"
"cr25ss03127-00-01","ポケッタブルストレッチジャケット","29","29","9000","261000"
"cr25ss03115-48-01","ショールハーフスリーブジャケット","26","26","10000","260000"
"cr23aw03007-06-02","ヘザーカラーミニマルジャケット","23","23","11000","253000"
"cr25ss06083-69-01","2wayハイネックボウタイシャツ","35","35","7000","245000"
"cr25aw06144-31-01","テンセルコットンピケミニマルシャツ","35","35","7000","245000"
"cr23aw19015-00-03","フェイクレザーナロースカート","30","30","8000","240000"
"cr23aw09016-68-02","ブークレークルーネックニット","32","32","7500","240000"
"cr24aw06125-09-01","セミドルマンドロストデザインシャツ 受注期間 - 5/25 23:59","38","38","6300","239400"
"cr24ss06031-01-03","フレアスリーブメッシュシャツ","34","34","7000","238000"
"cr25aw09167-69-03","ロービングスラブルーズニット 受注期間 - 11/17 23:59","29","29","8000","232000"
"cr25aw01141-39-01","2wayノーカラーパファーコート 受注期間 - 11/17 23:59","11","11","21000","231000"
"cr25aw01141-39-02","2wayノーカラーパファーコート 受注期間 - 11/17 23:59","11","11","21000","231000"
"cr25aw19148-31-01","テンセルコットンピケIラインスカート","28","28","8000","224000"
"cr25aw11169-06-02","ギャバフリースウォームスラックス 受注期間 - 11/17 23:59","32","32","7000","224000"
"cr25aw11169-09-01","ギャバフリースウォームスラックス 受注期間 - 11/17 23:59","32","32","7000","224000"
"cr25aw14171-90-99","グロッシーペブルピアス / イヤリング 受注期間 - 11/17 23:59","35","35","6300","220500"
"cr25ss11113-00-02","ウォッシャブルサテンスラックス 受注期間 - 5/25 23:59","27","27","8000","216000"
"cr25ss07129-82-02","ドライコンフォートカラーTシャツ","54","54","4000","216000"
"cr25ss08101-12-01","シルクブレンドボートネックロンT","39","39","5400","210600"
"cr24aw19052-57-01","フェイクレザードレープスカート","30","30","7000","210000"
"cr25aw09163-21-02","ウールリヨセルハイネックニット 受注期間 - 11/17 23:59","30","30","7000","210000"
"cr25aw09168-69-03","ロービングスラブニットスカート 受注期間 - 11/17 23:59","26","26","8000","208000"
"cr25aw11169-06-01","ギャバフリースウォームスラックス 受注期間 - 11/17 23:59","29","29","7000","203000"
"cr25aw11169-09-03","ギャバフリースウォームスラックス 受注期間 - 11/17 23:59","28","28","7000","196000"
"cr24aw05040-10-03","ダブルブレストダウンジャケット 受注期間 - 11/17 23:59","9","9","21000","189000"
"cr25aw01141-09-01","2wayノーカラーパファーコート 受注期間 - 11/17 23:59","9","9","21000","189000"
"cr24ss06031-01-01","フレアスリーブメッシュシャツ","25","25","7000","175000"
"cr25ss11113-00-03","ウォッシャブルサテンスラックス 受注期間 - 5/25 23:59","21","21","8000","168000"
"cr24aw09062-31-01","サイドシームレスニットパンツ","23","23","7000","161000"
"cr25aw09163-21-01","ウールリヨセルハイネックニット 受注期間 - 11/17 23:59","23","23","7000","161000"
"cr25aw09163-21-03","ウールリヨセルハイネックニット 受注期間 - 11/17 23:59","23","23","7000","161000"
"cr25aw09168-69-02","ロービングスラブニットスカート 受注期間 - 11/17 23:59","18","18","8000","144000"
"cr24aw05040-29-020","ダブルブレストダウンジャケット","6","6","21000","126000"
"cr25aw11169-06-03","ギャバフリースウォームスラックス 受注期間 - 11/17 23:59","18","18","7000","126000"
"cr25aw09168-04-02","ロービングスラブニットスカート 受注期間 - 11/17 23:59","14","14","8000","112000"
"cr25aw11169-76-02","ギャバフリースウォームスラックス 受注期間 - 11/17 23:59","16","16","7000","112000"
"cr25aw09163-06-02","ウールリヨセルハイネックニット 受注期間 - 11/17 23:59","15","15","7000","105000"
"cr25aw01141-39-03","2wayノーカラーパファーコート 受注期間 - 11/17 23:59","5","5","21000","105000"
"cr25aw09163-09-03","ウールリヨセルハイネックニット 受注期間 - 11/17 23:59","15","15","7000","105000"
"cr25aw09167-04-03","ロービングスラブルーズニット 受注期間 - 11/17 23:59","12","12","8000","96000"
"cr25ss07129-82-01","ドライコンフォートカラーTシャツ","21","21","4000","84000"
"cr25aw11169-09-66","ギャバフリースウォームスラックス 受注期間 - 11/17 23:59","12","12","7000","84000"
"cr25aw09163-06-01","ウールリヨセルハイネックニット 受注期間 - 11/17 23:59","12","12","7000","84000"
"cr25aw01145-26-01","コーデュロイシートダウンコート 受注期間 - 11/17 23:59","3","3","27000","81000"
"cr25aw09163-06-03","ウールリヨセルハイネックニット 受注期間 - 11/17 23:59","11","11","7000","77000"
"cr25aw11169-76-01","ギャバフリースウォームスラックス 受注期間 - 11/17 23:59","11","11","7000","77000"
"cr25aw09168-04-03","ロービングスラブニットスカート 受注期間 - 11/17 23:59","8","8","8000","64000"
"cr24aw05040-29-030","ダブルブレストダウンジャケット","3","3","21000","63000"
"cr25aw11169-76-66","ギャバフリースウォームスラックス 受注期間 - 11/17 23:59","9","9","7000","63000"
"cr25aw09163-09-02","ウールリヨセルハイネックニット 受注期間 - 11/17 23:59","9","9","7000","63000"
"cr25aw01145-03-03","コーデュロイシートダウンコート 受注期間 - 11/17 23:59","2","2","27000","54000"
"cr25aw01145-03-02","コーデュロイシートダウンコート 受注期間 - 11/17 23:59","2","2","27000","54000"
"cr25aw01145-03-01","コーデュロイシートダウンコート 受注期間 - 11/17 23:59","2","2","27000","54000"
"cr25aw09163-09-01","ウールリヨセルハイネックニット 受注期間 - 11/17 23:59","7","7","7000","49000"
"cr25aw01141-09-02","2wayノーカラーパファーコート 受注期間 - 11/17 23:59","2","2","21000","42000"
"cr25aw11169-06-66","ギャバフリースウォームスラックス 受注期間 - 11/17 23:59","4","4","7000","28000"
"cr25aw11169-76-03","ギャバフリースウォームスラックス 受注期間 - 11/17 23:59","4","4","7000","28000"
"cr24aw05040-29-02","ダブルブレストダウンジャケット 受注期間 - 11/17 23:59","1","1","21000","21000"
"cr25ss06081-60-02","フルダルスパンフードシャツ 受注期間 - 3/30 23:59","1","1","0","0"
"0","146","206958","207017","8623500","1806157800"
